{
    "parking_lots":
    {
        "id": 1,
        "owner": "5dert6",
         "parking_spaces": [
        {
            "id": 0,
            "status": true,
            "camcoords": [[[551,431],[555,513],[683,516],[654,433]]],
            "mapcoords": [
              [
                43.88992382959283,
                -79.31180795706904
              ],
              [
                43.889899829592835,
                -79.31179795709726
              ],
              [
                43.889914829592826,
                -79.31172995728927
              ],
              [
                43.88993882959285,
                -79.3117379572667
              ]
            ],
            "type": 0
        },
        {
            "id": 1,
            "status": true,
            "camcoords": [[444,437],[429,521],[548,526],[545,440]],
            "mapcoords": [
                [
                  43.88992382959283,
                  -79.31180795706904
                ],
                [
                  43.889899829592835,
                  -79.31179795709726
                ],
                [
                  43.889914829592826,
                  -79.31172995728927
                ],
                [
                  43.88993882959285,
                  -79.3117379572667
                ]
              ],
            "type": 0
        },
        {
            "id": 2,
            "status": false,
            "camcoords": [[342,442],[311,530],[414,537],[439,454]],
            "mapcoords": [
                [
                  43.88992382959283,
                  -79.31180795706904
                ],
                [
                  43.889899829592835,
                  -79.31179795709726
                ],
                [
                  43.889914829592826,
                  -79.31172995728927
                ],
                [
                  43.88993882959285,
                  -79.3117379572667
                ]
              ],
            "type": 1
        },
        {
            "id": 3,
            "status": true,
            "camcoords": [[228,454],[197,540],[300,543],[317,472]],
            "mapcoords": [
                [
                  43.88992382959283,
                  -79.31180795706904
                ],
                [
                  43.889899829592835,
                  -79.31179795709726
                ],
                [
                  43.889914829592826,
                  -79.31172995728927
                ],
                [
                  43.88993882959285,
                  -79.3117379572667
                ]
              ],
            "type": 0
        },
        {
            "id": 4,
            "status": true,
            "camcoords":[[228,454],[197,540],[300,543],[317,472]],
            "mapcoords": [
                [
                  43.88992382959283,
                  -79.31180795706904
                ],
                [
                  43.889899829592835,
                  -79.31179795709726
                ],
                [
                  43.889914829592826,
                  -79.31172995728927
                ],
                [
                  43.88993882959285,
                  -79.3117379572667
                ]
              ],
            "type": 0
        },
        {
            "id": 5,
            "status": true,
            "camcoords":[[228,454],[197,540],[300,543],[317,472]],
            "mapcoords": [
                [
                  43.88992382959283,
                  -79.31180795706904
                ],
                [
                  43.889899829592835,
                  -79.31179795709726
                ],
                [
                  43.889914829592826,
                  -79.31172995728927
                ],
                [
                  43.88993882959285,
                  -79.3117379572667
                ]
              ],
            "type": 0
        }
        ]
    }
}
