{
  "parking_lots": {
    "id": 1,
    "owner": "5dert6",
    "parking_spaces": [
      {
        "id": 0,
        "status": true,
        "camcoords": [
          [
            [
              551,
              431
            ],
            [
              555,
              513
            ],
            [
              683,
              516
            ],
            [
              654,
              433
            ]
          ]
        ],
        "mapcoords": [
          [
            43.88992334636193,
            -79.3118059454321
          ],
          [
            43.88989934636193,
            -79.31179594546036
          ],
          [
            43.889914346361905,
            -79.31172794565295
          ],
          [
            43.889938346361966,
            -79.3117359456303
          ]
        ],
        "type": 0
      },
      {
        "id": 1,
        "status": true,
        "camcoords": [
          [
            444,
            437
          ],
          [
            429,
            521
          ],
          [
            548,
            526
          ],
          [
            545,
            440
          ]
        ],
        "mapcoords": [
          [
            43.88986487318177,
            -79.31177778217389
          ],
          [
            43.88984087318177,
            -79.311767782212
          ],
          [
            43.88985587318175,
            -79.31169978247132
          ],
          [
            43.889879873181776,
            -79.31170778244082
          ]
        ],
        "type": 0
      },
      {
        "id": 2,
        "status": true,
        "camcoords": [
          [
            342,
            442
          ],
          [
            311,
            530
          ],
          [
            414,
            537
          ],
          [
            439,
            454
          ]
        ],
        "mapcoords": [
          [
            43.889893868148754,
            -79.31179253434867
          ],
          [
            43.88986986814876,
            -79.31178253438193
          ],
          [
            43.889884868148734,
            -79.31171453460814
          ],
          [
            43.88990886814877,
            -79.31172253458155
          ]
        ],
        "type": 1
      },
      {
        "id": 3,
        "status": true,
        "camcoords": [
          [
            228,
            454
          ],
          [
            197,
            540
          ],
          [
            300,
            543
          ],
          [
            317,
            472
          ]
        ],
        "mapcoords": [
          [
            43.88998471892639,
            -79.3118314264314
          ],
          [
            43.88996071892639,
            -79.3118214264494
          ],
          [
            43.88997571892637,
            -79.31175342657188
          ],
          [
            43.88999971892641,
            -79.31176142655748
          ]
        ],
        "type": 0
      },
      {
        "id": 4,
        "status": true,
        "camcoords": [
          [
            228,
            454
          ],
          [
            197,
            540
          ],
          [
            300,
            543
          ],
          [
            317,
            472
          ]
        ],
        "mapcoords": [
          [
            43.89001419707973,
            -79.31184684916066
          ],
          [
            43.88999019707973,
            -79.3118368491737
          ],
          [
            43.89000519707971,
            -79.31176884926252
          ],
          [
            43.89002919707975,
            -79.3117768492521
          ]
        ],
        "type": 0
      },
      {
        "id": 5,
        "status": true,
        "camcoords": [
          [
            228,
            454
          ],
          [
            197,
            540
          ],
          [
            300,
            543
          ],
          [
            317,
            472
          ]
        ],
        "mapcoords": [
          [
            43.889953307774114,
            -79.3118200270275
          ],
          [
            43.88992930777411,
            -79.31181002705077
          ],
          [
            43.8899443077741,
            -79.31174202720912
          ],
          [
            43.88996830777414,
            -79.3117500271905
          ]
        ],
        "type": 0
      }
    ]
  }
}